setup_id,specialized_ticker,direction,description,signal_ids,oos_first_trigger,oos_last_trigger,oos_days_since_last_trigger,oos_total_trades,oos_open_trades,oos_sum_pnl_dollars,oos_final_nav,oos_nav_total_return_pct,expectancy,source_run
SETUP_0564,MSTR US Equity,long,AMD US Equity_EV__EV_top_tier_dominance_share is_high AND GOOGL US Equity_EV__EV_top_tier_dominance_share is_high,"SIG_03627, SIG_03387",2024-09-05,2025-09-04,0,40,1,1379497.5733,1479497.5733,1379.4976,49937.9748,run_seed44_20250906_183803
SETUP_0494,TSLA US Equity,long,QQQ US Equity_px_range_polarity_z_60d is_high AND AMD US Equity_px_range_polarity_z_60d is_high,"SIG_00504, SIG_01143",2023-04-11,2025-09-03,1,45,1,1169324.7603,1269324.7603,1169.3248,30957.4924,run_seed44_20250906_183803
SETUP_0180,TSLA US Equity,long,AMZN US Equity_sent.news_heat_tail_21 is_high AND QQQ US Equity_px_range_polarity_z_60d is_high,"SIG_00414, SIG_00504",2022-07-15,2025-09-03,1,29,1,934084.2299,1034084.2299,934.0842,59490.78,run_seed44_20250906_183803
SETUP_0138,TSLA US Equity,long,RTY Index_opt.pcr_z_21 is_high AND GOOGL US Equity_inter.2s10s_slope_mom_21 is_high,"SIG_01811, SIG_00739",2021-10-20,2025-09-04,0,45,1,861856.3126,961856.3126,861.8563,48668.2028,run_seed44_20250906_183803
SETUP_0312,MSTR US Equity,long,GOOGL US Equity_options_total_volume_spike_z_30d is_high AND GOOGL US Equity_inter.2s10s_slope_mom_21 is_high,"SIG_00681, SIG_00739",2024-07-08,2025-09-04,0,13,1,750942.7594,850942.7594,750.9428,206308.9983,run_seed44_20250906_183803
SETUP_0483,TSLA US Equity,long,AMZN US Equity_sent.news_heat_tail_21 is_high AND QQQ US Equity_px_range_polarity_z_60d is_high,"SIG_00414, SIG_00504",2023-04-03,2025-09-03,1,22,1,686423.1644,786423.1644,686.4232,53239.8765,run_seed44_20250906_183803
SETUP_0486,TSLA US Equity,long,QQQ US Equity_px_range_polarity_z_60d is_high AND CRWV US Equity_EV__EV_surprise_dispersion_day is_low,"SIG_00504, SIG_03097",2023-06-13,2025-09-03,1,35,1,622410.7226,722410.7226,622.4107,42843.0731,run_seed44_20250906_183803
SETUP_0581,TSLA US Equity,long,QQQ US Equity_px_range_polarity_z_60d is_high AND AMD US Equity_px_range_polarity_z_60d is_high,"SIG_00504, SIG_01143",2024-09-02,2025-09-03,1,18,1,586206.0574,686206.0574,586.2061,28658.1749,run_seed44_20250906_183803
SETUP_0348,MSTR US Equity,long,USGG10YR Index_vs_SPY US Equity_corr_delta_fisher_20_60_z_60d is_low AND GOOGL US Equity_options_total_volume_spike_z_30d is_high,"SIG_02889, SIG_00681",2024-02-29,2025-09-04,0,16,1,580065.2596,680065.2596,580.0653,206308.9983,run_seed44_20250906_183803
SETUP_0531,TSLA US Equity,long,AMZN US Equity_sent.news_heat_tail_21 is_high AND QQQ US Equity_px_range_polarity_z_60d is_high,"SIG_00414, SIG_00504",2024-01-18,2025-09-03,1,15,1,577006.7542,677006.7542,577.0068,46489.8988,run_seed44_20250906_183803
SETUP_0482,TSLA US Equity,long,QQQ US Equity_px_range_polarity_z_60d is_high AND GOOGL US Equity_cs.rank_drawdown_63 is_high,"SIG_00504, SIG_05729",2023-05-16,2025-09-03,1,23,1,544870.8022,644870.8022,544.8708,57193.2311,run_seed44_20250906_183803
SIG_01080,QQQ US Equity,long,MSFT US Equity_sent.news_heat_z21 is_high,SIG_01080,2021-01-20,2025-09-03,5,54,1,539404.7637,639404.7637,539.4048,8080.2067,run_seed78_20250908_235457
SETUP_0192,TSLA US Equity,long,MXWO Index_iv_call3m_shock_1d_z_30d is_high AND AMZN US Equity_sent.news_heat_tail_21 is_high,"SIG_01903, SIG_00414",2022-07-14,2025-09-03,1,20,1,537166.6646,637166.6646,537.1667,41084.0495,run_seed44_20250906_183803
SETUP_0532,TSLA US Equity,long,QQQ US Equity_px_range_polarity_z_60d is_high AND CRWV US Equity_EV__EV_surprise_dispersion_day is_low,"SIG_00504, SIG_03097",2024-01-18,2025-09-03,1,27,1,463330.8337,563330.8337,463.3308,43298.2199,run_seed44_20250906_183803
SIG_02994,GOOGL US Equity,long,NKE US Equity_px.stoch14_z is_high,SIG_02994,2023-01-04,2025-08-25,14,25,1,463304.9869,563304.9869,463.305,995.692,run_seed78_20250908_235457
SETUP_0002,TSLA US Equity,short,AMD US Equity_tw_posneg_balance_z_60d z_breakout_neg AND MXWO Index_crypto.resid_vs_btc_z_63 is_low,"SIG_01202, SIG_01980",2021-02-19,2025-09-03,1,28,1,456508.0137,556508.0137,456.508,123022.117,run_seed44_20250906_183803
SETUP_0006,TSLA US Equity,long,HG1 Comdty_inter.dxy_regime_percentile_252 is_low AND EUR Curncy_inter.2s10s_slope_mom_21 is_high,"SIG_02641, SIG_02319",2021-01-07,2025-09-04,0,17,1,456150.3555,556150.3555,456.1504,49174.1653,run_seed44_20250906_183803
SIG_04279,MSTR US Equity,long,EEM US Equity_px.range_pos_63 is_high,SIG_04279,2022-12-01,2025-09-08,0,23,1,406674.1445,506674.1445,406.6741,26655.3866,run_seed78_20250908_235457
SETUP_0479,TSLA US Equity,long,COIN US Equity_corrF20__SPY_RET_1D__TOT_OPT_VOLUME is_high AND QQQ US Equity_px_range_polarity_z_60d is_high,"SIG_05336, SIG_00504",2023-05-16,2025-09-03,1,17,1,354147.6273,454147.6273,354.1476,79596.4948,run_seed44_20250906_183803
SETUP_0523,TSLA US Equity,long,MSFT US Equity_sent.news_heat_tail_21 is_high AND USGG10YR Index_vs_SPY US Equity_beta_px_60d_z_120d z_breakout_neg,"SIG_00887, SIG_02895",2024-05-31,2025-09-03,1,13,1,347822.1595,447822.1595,347.8222,69738.4789,run_seed44_20250906_183803
SETUP_0166,MSFT US Equity,long,MSTR US Equity_EV__EV_revision_tail_flag is_high AND AAPL US Equity_EV__EV_revision_tail_flag is_high,"SIG_03674, SIG_03514",2021-10-05,2025-09-02,2,114,1,345677.6051,445677.6051,345.6776,2516.5191,run_seed44_20250906_183803
SETUP_0035,MSFT US Equity,long,MSFT US Equity_EV__EV_tail_flag_1p5 is_high AND AAPL US Equity_EV__EV_time_since_tailshock_60 is_low,"SIG_03419, SIG_03507",2021-01-07,2025-09-02,2,146,1,335120.3915,435120.3915,335.1204,5548.5864,run_seed44_20250906_183803
SETUP_0268,MSTR US Equity,long,CRWV US Equity_EV__EV_signed_surprise_percentile is_low AND GOOGL US Equity_options_total_volume_spike_z_30d is_high,"SIG_03093, SIG_00681",2024-02-29,2025-09-04,0,13,1,321160.8056,421160.8056,321.1608,206308.9983,run_seed44_20250906_183803
SIG_05093|SIG_05114,AMD US Equity,long,XLE US Equity_gate.liquid_flag is_high AND AMD US Equity_gate.liquid_flag is_high,"SIG_05093, SIG_05114",2023-07-17,2025-09-08,0,26,1,293676.6028,393676.6028,293.6766,9459.3093,run_seed78_20250908_235457
SIG_04279|SIG_05093,MSTR US Equity,long,AMD US Equity_gate.liquid_flag is_high AND EEM US Equity_px.range_pos_63 is_high,"SIG_04279, SIG_05093",2022-12-01,2025-09-08,0,17,1,251719.6693,351719.6693,251.7197,36519.9656,run_seed78_20250908_235457
SETUP_0575,TSLA US Equity,long,QQQ US Equity_px_range_polarity_z_60d is_high AND CRWV US Equity_EV__EV_surprise_dispersion_day is_low,"SIG_00504, SIG_03097",2024-09-12,2025-09-03,1,14,1,249396.3266,349396.3266,249.3963,36537.26,run_seed44_20250906_183803
SIG_00198,LLY US Equity,long,TSLA US Equity_sent.cn_avg_z60 is_high,SIG_00198,2024-01-03,2025-09-05,3,25,1,249094.6938,349094.6938,249.0947,9553.563,run_seed78_20250908_235457
SIG_02894|SIG_02995,TSLA US Equity,long,NKE US Equity_px.stoch14_z is_low AND XLK US Equity_opt.fly_1m_40v25 is_high,"SIG_02894, SIG_02995",2023-02-13,2025-09-04,4,10,1,248072.2612,348072.2612,248.0723,21087.9505,run_seed78_20250908_235457
SIG_04820,MSTR US Equity,long,AMZN US Equity_x.corr_delta_20_60_z60 is_high,SIG_04820,2021-08-04,2025-09-02,6,21,1,245375.9172,345375.9172,245.3759,5408.352,run_seed78_20250908_235457
SIG_00178|SIG_04279,MSTR US Equity,long,EEM US Equity_px.range_pos_63 is_high AND TSLA US Equity_sent.tw_pub_z30 is_high,"SIG_00178, SIG_04279",2023-01-05,2025-09-08,0,15,1,243113.6874,343113.6874,243.1137,30465.2687,run_seed78_20250908_235457
SIG_03109|SIG_04681,TSLA US Equity,long,NKE US Equity_sent.tw_avg_z30 is_low AND XAU Curncy_px.mom_21 is_high,"SIG_03109, SIG_04681",2023-01-13,2025-09-01,7,13,1,234303.6228,334303.6228,234.3036,19435.1097,run_seed78_20250908_235457
SIG_03839|SIG_05093,QQQ US Equity,long,USGG2YR Index_vol.vol_of_vol_21 is_high AND AMD US Equity_gate.liquid_flag is_high,"SIG_03839, SIG_05093",2021-02-26,2025-09-08,0,17,1,232719.4778,332719.4778,232.7195,19197.7274,run_seed78_20250908_235457
SETUP_0131,TSLA US Equity,long,QQQ US Equity_px_range_polarity_z_60d is_high AND AMD US Equity_opt.pcr_z_21 is_high,"SIG_00504, SIG_01191",2021-11-01,2025-09-03,1,20,1,230105.612,330105.612,230.1056,71990.1807,run_seed44_20250906_183803
SETUP_0135,TSLA US Equity,long,GOOGL US Equity_inter.2s10s_slope_mom_21 is_high AND RTY Index_inter.dxy_regime_percentile_252 is_low,"SIG_00739, SIG_01836",2023-03-31,2025-09-04,0,13,1,227543.8762,327543.8762,227.5439,51833.3168,run_seed44_20250906_183803
SIG_03092,QQQ US Equity,long,NKE US Equity_flow.opt_vol_z30 is_high,SIG_03092,2021-01-07,2025-09-01,7,57,1,217921.191,317921.191,217.9212,8424.7244,run_seed78_20250908_235457
SIG_05121,GOOGL US Equity,long,NKE US Equity_gate.liquid_flag z_breakout_pos,SIG_05121,2024-02-07,2025-09-03,5,12,1,217717.8313,317717.8313,217.7178,23167.1106,run_seed78_20250908_235457
SETUP_0184,MSFT US Equity,long,AAPL US Equity_EV__EV_time_since_tailshock_60 is_low AND MSFT US Equity_EV__EV_tail_flag_1p5 is_high,"SIG_03507, SIG_03419",2022-07-07,2025-09-02,2,92,1,202721.8792,302721.8792,202.7219,5275.9061,run_seed44_20250906_183803
SIG_02907|SIG_03469,CRM US Equity,long,XLK US Equity_opt.rv_minus_iv_21 is_low AND RTY Index_flow.pcr_ema5_z30 is_high,"SIG_02907, SIG_03469",2023-03-13,2025-09-03,5,10,1,200661.3593,300661.3593,200.6614,12266.0044,run_seed78_20250908_235457
SIG_01202,QQQ US Equity,long,AAPL US Equity_liq.turnover_z_63 is_high,SIG_01202,2024-08-05,2025-09-04,4,12,1,200634.9884,300634.9884,200.635,11889.3641,run_seed78_20250908_235457
SIG_00790,MSTR US Equity,long,GOOGL US Equity_vol.updown_ratio_21 z_breakout_pos,SIG_00790,2022-02-04,2025-09-01,7,16,1,200415.9568,300415.9568,200.416,27011.6619,run_seed78_20250908_235457
SIG_04207,XLK US Equity,long,EUR Curncy_risk.drawdown_63 is_high,SIG_04207,2022-02-07,2025-09-08,0,21,1,200218.141,300218.141,200.2181,7187.2033,run_seed78_20250908_235457
SIG_04127,XLK US Equity,long,EUR Curncy_px.mom_21 is_high,SIG_04127,2022-08-10,2025-08-29,10,24,1,190590.8458,290590.8458,190.5908,9069.8301,run_seed78_20250908_235457
SIG_02718,GOOGL US Equity,long,XLE US Equity_opt.fly_1m_40v25 z_breakout_pos,SIG_02718,2023-07-25,2025-09-08,0,17,1,189816.4401,289816.4401,189.8164,8166.9673,run_seed78_20250908_235457
SIG_00510|SIG_05096,AMD US Equity,long,AMZN US Equity_sent.tw_avg_z30 is_high AND MSTR US Equity_gate.liquid_flag is_high,"SIG_00510, SIG_05096",2024-08-05,2025-09-08,0,10,1,181060.9467,281060.9467,181.0609,19526.7996,run_seed78_20250908_235457
SIG_00494|SIG_00790,MSTR US Equity,long,AMZN US Equity_flow.opt_vol_z30 is_high AND GOOGL US Equity_vol.updown_ratio_21 z_breakout_pos,"SIG_00494, SIG_00790",2022-02-04,2025-09-05,3,10,1,165987.3257,265987.3257,165.9873,30302.5412,run_seed78_20250908_235457
SIG_03469,LLY US Equity,long,RTY Index_flow.pcr_ema5_z30 is_high,SIG_03469,2024-08-02,2025-09-02,6,16,1,163620.0095,263620.0095,163.62,13121.6296,run_seed78_20250908_235457
SIG_00494|SIG_03493,MSTR US Equity,long,RTY Index_x.spread_vs_sector_21 is_high AND AMZN US Equity_flow.opt_vol_z30 is_high,"SIG_00494, SIG_03493",2022-03-11,2025-09-05,3,15,1,162357.9825,262357.9825,162.358,24835.841,run_seed78_20250908_235457
SIG_05093,LLY US Equity,long,AMD US Equity_gate.liquid_flag is_high,SIG_05093,2024-01-02,2025-09-08,0,25,1,160425.5411,260425.5411,160.4255,10082.7433,run_seed78_20250908_235457
SIG_05114,TSLA US Equity,long,XLE US Equity_gate.liquid_flag is_high,SIG_05114,2024-07-16,2025-09-08,0,18,1,157657.3531,257657.3531,157.6574,11759.3461,run_seed78_20250908_235457
SIG_01428|SIG_04127,QQQ US Equity,long,LLY US Equity_flow.pcr_ema5_z30 is_high AND EUR Curncy_px.mom_21 is_high,"SIG_01428, SIG_04127",2022-08-10,2025-09-01,7,14,1,151978.2499,251978.2499,151.9782,20588.1706,run_seed78_20250908_235457
SIG_05193,XLK US Equity,long,CRM US Equity_cs.rank_mom_21 z_breakout_pos,SIG_05193,2021-01-29,2025-09-01,7,22,1,151610.853,251610.853,151.6109,10827.2251,run_seed78_20250908_235457
SIG_02894|SIG_04681,LLY US Equity,long,XAU Curncy_px.mom_21 is_high AND XLK US Equity_opt.fly_1m_40v25 is_high,"SIG_02894, SIG_04681",2023-01-27,2025-09-01,7,11,1,150888.4112,250888.4112,150.8884,29332.53,run_seed78_20250908_235457
SIG_02907|SIG_05093,AMZN US Equity,long,XLK US Equity_opt.rv_minus_iv_21 is_low AND AMD US Equity_gate.liquid_flag is_high,"SIG_02907, SIG_05093",2023-03-13,2025-09-08,0,11,1,145657.7154,245657.7154,145.6577,5408.5351,run_seed78_20250908_235457
SETUP_0170,MSFT US Equity,long,MSTR US Equity_EV__EV_revision_tail_flag is_high AND TSLA US Equity_EV__EV_revision_tail_flag is_high,"SIG_03674, SIG_03034",2022-07-04,2025-09-02,2,81,1,145306.887,245306.887,145.3069,3726.526,run_seed44_20250906_183803
SIG_02894,LLY US Equity,long,XLK US Equity_opt.fly_1m_40v25 is_high,SIG_02894,2024-07-23,2025-09-01,7,18,1,143128.5893,243128.5893,143.1286,11616.0318,run_seed78_20250908_235457
SIG_00072|SIG_00179,TSLA US Equity,long,TSLA US Equity_px.range_pos_63 is_high AND TSLA US Equity_sent.tw_pub_z30 is_low,"SIG_00072, SIG_00179",2022-09-13,2025-08-29,10,11,1,134192.4335,234192.4335,134.1924,36754.8289,run_seed78_20250908_235457
SIG_00072|SIG_05093,TSLA US Equity,long,AMD US Equity_gate.liquid_flag is_high AND TSLA US Equity_px.range_pos_63 is_high,"SIG_00072, SIG_05093",2022-08-03,2025-09-08,0,10,1,132486.8352,232486.8352,132.4868,17207.7462,run_seed78_20250908_235457
SETUP_0243,MSTR US Equity,long,AMZN US Equity_corrF60__SPY_RET_1D__OI_SKEW z_breakout_pos AND GOOGL US Equity_options_total_volume_spike_z_30d is_high,"SIG_04194, SIG_00681",2024-03-19,2025-09-04,0,8,1,132002.9916,232002.9916,132.003,206308.9983,run_seed44_20250906_183803
SETUP_0169,TSLA US Equity,long,AMZN US Equity_sent.news_heat_tail_21 is_high AND AMZN US Equity_corrF60__SPY_RET_1D__OI_SKEW z_breakout_pos,"SIG_00414, SIG_04194",2022-09-09,2025-09-03,1,11,1,131703.934,231703.934,131.7039,76757.1737,run_seed44_20250906_183803
SIG_01202|SIG_03258,MSFT US Equity,long,CRM US Equity_opt.rr25_1m_proxy is_high AND AAPL US Equity_liq.turnover_z_63 is_high,"SIG_01202, SIG_03258",2022-03-21,2025-09-04,4,22,1,118654.9496,218654.9496,118.6549,9555.6436,run_seed78_20250908_235457
SIG_00179|SIG_01418,AMD US Equity,long,LLY US Equity_opt.iv_mom_5_z60 z_breakout_pos AND TSLA US Equity_sent.tw_pub_z30 is_low,"SIG_00179, SIG_01418",2023-08-01,2025-09-02,6,8,1,114831.0761,214831.0761,114.8311,7962.7124,run_seed78_20250908_235457
SIG_04223,AMZN US Equity,long,EUR Curncy_x.bh_ret_spy_21 is_high,SIG_04223,2022-01-13,2025-08-29,10,23,1,113504.6177,213504.6177,113.5046,5758.6178,run_seed78_20250908_235457
SIG_00790|SIG_04279,MSTR US Equity,long,GOOGL US Equity_vol.updown_ratio_21 z_breakout_pos AND EEM US Equity_px.range_pos_63 is_high,"SIG_00790, SIG_04279",2022-12-01,2025-09-08,0,9,1,112505.0841,212505.0841,112.5051,56809.0801,run_seed78_20250908_235457
SIG_01428|SIG_02894,LLY US Equity,long,LLY US Equity_flow.pcr_ema5_z30 is_high AND XLK US Equity_opt.fly_1m_40v25 is_high,"SIG_01428, SIG_02894",2023-07-26,2025-09-01,7,10,1,110431.1028,210431.1028,110.4311,10175.6272,run_seed78_20250908_235457
SIG_04346|SIG_04681,TSLA US Equity,long,XAU Curncy_px.mom_21 is_high AND EEM US Equity_opt.term_30d_3m is_low,"SIG_04346, SIG_04681",2023-01-09,2025-09-08,0,12,1,110080.532,210080.532,110.0805,22629.5505,run_seed78_20250908_235457
SIG_01428,TSLA US Equity,long,LLY US Equity_flow.pcr_ema5_z30 is_high,SIG_01428,2024-07-02,2025-09-08,0,15,1,102613.1087,202613.1087,102.6131,9249.2997,run_seed78_20250908_235457
SIG_04319|SIG_04346,TSLA US Equity,long,EEM US Equity_risk.drawdown_63 is_high AND EEM US Equity_opt.term_30d_3m is_low,"SIG_04319, SIG_04346",2022-12-02,2025-09-08,0,17,1,102306.4471,202306.4471,102.3064,29314.4139,run_seed78_20250908_235457
SIG_03493|SIG_05093,LLY US Equity,long,AMD US Equity_gate.liquid_flag is_high AND RTY Index_x.spread_vs_sector_21 is_high,"SIG_03493, SIG_05093",2022-02-21,2025-09-08,0,14,1,100868.9131,200868.9131,100.8689,11105.981,run_seed78_20250908_235457
SIG_05096,CRM US Equity,long,MSTR US Equity_gate.liquid_flag is_high,SIG_05096,2024-07-12,2025-09-08,0,19,1,93264.6569,193264.6569,93.2647,8035.4129,run_seed78_20250908_235457
SIG_04545,CRM US Equity,long,HG1 Comdty_px.mom_5 is_high,SIG_04545,2024-01-25,2025-09-04,4,20,1,92204.5522,192204.5522,92.2046,1014.7039,run_seed78_20250908_235457
SIG_01428|SIG_03398,AAPL US Equity,long,RTY Index_vol.updown_ratio_21 is_high AND LLY US Equity_flow.pcr_ema5_z30 is_high,"SIG_01428, SIG_03398",2022-07-21,2025-08-26,13,11,1,85684.5186,185684.5186,85.6845,35969.0464,run_seed78_20250908_235457
SETUP_0015,QQQ US Equity,long,MSFT US Equity_iv_vs_newsheat_divergence_call3m_z_60d is_high,SIG_00839,2021-01-27,2025-09-04,0,81,1,84549.9638,184549.9638,84.55,1334.7764,run_seed37_20250904_130458
SIG_00510|SIG_05114,TSLA US Equity,long,AMZN US Equity_sent.tw_avg_z30 is_high AND XLE US Equity_gate.liquid_flag is_high,"SIG_00510, SIG_05114",2024-08-05,2025-09-08,0,7,1,83922.1148,183922.1148,83.9221,10812.4696,run_seed78_20250908_235457
SIG_03493|SIG_04279,MSTR US Equity,long,RTY Index_x.spread_vs_sector_21 is_high AND EEM US Equity_px.range_pos_63 is_high,"SIG_03493, SIG_04279",2023-01-11,2025-09-08,0,12,1,83146.4026,183146.4026,83.1464,48474.0097,run_seed78_20250908_235457
SIG_00888,COIN US Equity,long,GOOGL US Equity_sent.news_pub_z30 z_breakout_pos,SIG_00888,2024-01-19,2025-09-04,4,16,1,76058.8828,176058.8828,76.0589,6342.0803,run_seed78_20250908_235457
SIG_04761,TSLA US Equity,long,XAU Curncy_risk.drawdown_63 is_high,SIG_04761,2023-10-20,2025-08-29,10,20,1,70167.5866,170167.5866,70.1676,19965.8139,run_seed78_20250908_235457
SIG_01412,AMD US Equity,long,LLY US Equity_opt.fly_1m_40v25 is_high,SIG_01412,2024-07-19,2025-09-01,7,12,1,69454.7541,169454.7541,69.4548,13336.5623,run_seed78_20250908_235457
SETUP_0388,MSTR US Equity,long,GOOGL US Equity_options_total_volume_spike_z_30d is_high AND TSLA US Equity_vs_SPY US Equity_corr_delta_fisher_20_60_z_60d is_high,"SIG_00681, SIG_02736",2024-07-08,2025-09-04,0,10,1,67338.4276,167338.4276,67.3384,206308.9983,run_seed44_20250906_183803
SETUP_0021,AAPL US Equity,long,ARM US Equity_S&P_Global_US_Composite_PMI_in_window is_high AND TSLA US Equity_MBA_Mortgage_Applications_days_to_high is_low,"SIG_04525, SIG_03879",2022-07-07,2025-09-04,0,77,1,60076.9082,160076.9082,60.0769,-526.2034,run_seed48_20250907_022712
SETUP_0053,GOOGL US Equity,long,MSFT US Equity_iv_vs_newsheat_divergence_call3m_z_60d is_high,SIG_00839,2024-08-27,2025-09-04,0,15,1,59082.5971,159082.5971,59.0826,975.7368,run_seed37_20250904_130458
SIG_02367|SIG_02384,TSLA US Equity,long,SPY US Equity_pos.oi_skew_z60 z_breakout_pos AND SPY US Equity_opt.rv_minus_iv_21 is_low,"SIG_02367, SIG_02384",2022-01-24,2025-09-03,2,10,1,57311.3668,157311.3668,57.3114,13124.6071,run_seed76_20250908_230722
SIG_02722|SIG_05093,TSLA US Equity,long,XLE US Equity_opt.iv_mom_5_z60 z_breakout_pos AND AMD US Equity_gate.liquid_flag is_high,"SIG_02722, SIG_05093",2021-01-28,2025-09-08,0,21,1,56930.4058,156930.4058,56.9304,10917.9534,run_seed78_20250908_235457
SIG_03398|SIG_04717,AAPL US Equity,long,XAU Curncy_px.stoch14_z is_high AND RTY Index_vol.updown_ratio_21 is_high,"SIG_03398, SIG_04717",2022-07-28,2025-08-27,12,10,1,55998.1469,155998.1469,55.9981,30849.3872,run_seed78_20250908_235457
SIG_04453,XLK US Equity,long,CL1 Comdty_px.stoch14_z is_high,SIG_04453,2024-07-02,2025-08-29,10,15,1,55194.5933,155194.5933,55.1946,9923.2204,run_seed78_20250908_235457
SIG_00178|SIG_03493,MSTR US Equity,long,TSLA US Equity_sent.tw_pub_z30 is_high AND RTY Index_x.spread_vs_sector_21 is_high,"SIG_00178, SIG_03493",2022-02-25,2025-09-08,0,14,1,53720.3031,153720.3031,53.7203,25532.0161,run_seed78_20250908_235457
SIG_00494,AAPL US Equity,long,AMZN US Equity_flow.opt_vol_z30 is_high,SIG_00494,2024-08-05,2025-09-05,3,15,1,53514.5097,153514.5097,53.5145,12174.1748,run_seed78_20250908_235457
SIG_05097,NKE US Equity,long,MSTR US Equity_gate.liquid_flag z_breakout_pos,SIG_05097,2023-10-03,2025-09-08,0,17,1,52868.6938,152868.6938,52.8687,9545.9769,run_seed78_20250908_235457
SIG_05153,GOOGL US Equity,long,LLY US Equity_cs.rank_mom_21 z_breakout_pos,SIG_05153,2021-01-04,2025-09-08,0,15,1,48959.2761,148959.2761,48.9593,2972.4803,run_seed78_20250908_235457
SIG_00510,TSLA US Equity,long,AMZN US Equity_sent.tw_avg_z30 is_high,SIG_00510,2024-07-04,2025-09-08,0,16,1,47065.2675,147065.2675,47.0653,11442.159,run_seed78_20250908_235457
SIG_02732,LLY US Equity,long,XLE US Equity_flow.pcr_ema5_z30 is_high,SIG_02732,2024-01-11,2025-08-29,10,17,1,46191.3273,146191.3273,46.1913,13558.6808,run_seed78_20250908_235457
SIG_03310,XLK US Equity,short,XLP US Equity_opt.vrp_21 is_low,SIG_03310,2024-01-03,2025-09-08,0,44,1,46160.429,146160.429,46.1604,-175.9534,run_seed7_20250908_221437
SETUP_0052,ARM US Equity,long,MSFT US Equity_EV__EV_days_to_high is_high,SIG_03392,2024-09-03,2025-09-02,1,36,1,43001.9446,143001.9446,43.0019,4556.7973,run_seed38_20250906_113633
SIG_04051,LLY US Equity,long,JPY Curncy_px.stoch14_z is_high,SIG_04051,2024-01-05,2025-08-22,17,15,1,41259.4543,141259.4543,41.2595,12176.1522,run_seed78_20250908_235457
SIG_00194|SIG_04709,CRM US Equity,long,TSLA US Equity_sent.news_heat_z21 is_high AND XAU Curncy_px.trend_persist_21 is_high,"SIG_00194, SIG_04709",2022-02-25,2025-09-03,2,13,1,39312.5449,139312.5449,39.3125,4201.8672,run_seed76_20250908_230722
SETUP_0059,MSFT US Equity,long,MSFT US Equity_EV__EV_days_to_high is_high,SIG_03392,2024-09-03,2025-09-02,1,36,1,36629.5604,136629.5604,36.6296,894.8792,run_seed38_20250906_113633
SETUP_0035,AMZN US Equity,long,TSLA US Equity_MBA_Mortgage_Applications_days_to_high is_low AND ARM US Equity_S&P_Global_US_Composite_PMI_in_window is_high,"SIG_03879, SIG_04525",2024-01-04,2025-09-04,0,41,1,36343.2128,136343.2128,36.3432,-45.7623,run_seed48_20250907_022712
SIG_01595|SIG_03145,TSLA US Equity,short,AMD US Equity_opt.term_30d_3m is_low AND CRM US Equity_px.mom_5 is_low,"SIG_01595, SIG_03145",2021-03-02,2025-09-05,0,10,1,34624.1785,134624.1785,34.6242,-7104.8758,run_seed76_20250908_230722
SIG_00195,NKE US Equity,short,TSLA US Equity_sent.news_heat_z21 is_low,SIG_00195,2021-07-06,2025-09-02,6,56,1,32716.7568,132716.7568,32.7168,-3141.2686,run_seed78_20250908_235457
SIG_03788|SIG_04683,MSTR US Equity,long,XAU Curncy_px.mom_21 z_breakout_pos AND USGG2YR Index_px.mom_21 is_low,"SIG_03788, SIG_04683",2021-09-09,2025-08-29,10,7,1,30964.1392,130964.1392,30.9641,60541.9972,run_seed78_20250908_235457
SETUP_0302,MSTR US Equity,long,HG1 Comdty_vs_SPY US Equity_beta_px_60d_z_120d is_high AND GOOGL US Equity_options_total_volume_spike_z_30d is_high,"SIG_02976, SIG_00681",2024-07-08,2025-09-04,0,8,1,29565.5222,129565.5222,29.5655,206308.9983,run_seed44_20250906_183803
SIG_01202|SIG_03493,MSTR US Equity,long,AAPL US Equity_liq.turnover_z_63 is_high AND RTY Index_x.spread_vs_sector_21 is_high,"SIG_01202, SIG_03493",2022-02-25,2025-09-04,4,12,1,29244.2101,129244.2101,29.2442,30234.2575,run_seed78_20250908_235457
SETUP_0022,MSTR US Equity,long,TSLA US Equity_MBA_Mortgage_Applications_days_to_high is_low AND ARM US Equity_S&P_Global_US_Composite_PMI_in_window is_high,"SIG_03879, SIG_04525",2022-07-07,2025-09-04,0,77,1,24901.4285,124901.4285,24.9014,-189.2209,run_seed48_20250907_022712
SIG_00494|SIG_03398,XLK US Equity,long,AMZN US Equity_flow.opt_vol_z30 is_high AND RTY Index_vol.updown_ratio_21 is_high,"SIG_00494, SIG_03398",2022-07-21,2025-09-05,3,12,1,23467.5641,123467.5641,23.4676,7998.7735,run_seed78_20250908_235457
SIG_02995|SIG_04681,TSLA US Equity,long,NKE US Equity_px.stoch14_z is_low AND XAU Curncy_px.mom_21 is_high,"SIG_02995, SIG_04681",2023-03-28,2025-09-03,5,11,1,22427.9671,122427.9671,22.428,26666.6093,run_seed78_20250908_235457
SIG_01202|SIG_02817,TSLA US Equity,long,AAPL US Equity_liq.turnover_z_63 is_high AND XLK US Equity_px.stoch14_z is_low,"SIG_01202, SIG_02817",2021-07-20,2025-09-04,4,25,1,19612.4023,119612.4023,19.6124,13304.1076,run_seed78_20250908_235457
SETUP_0011,QQQ US Equity,long,AAPL US Equity_opt.oi_mom_5 is_high,SIG_01033,2021-01-27,2025-09-02,1,62,1,19500.5473,119500.5473,19.5005,516.439,run_seed38_20250906_170035
SETUP_0076,TSLA US Equity,long,QQQ US Equity_px_range_polarity_z_60d is_high AND EEM US Equity_px_range_polarity_z_60d is_high,"SIG_00504, SIG_02395",2024-01-09,2025-09-03,0,34,1,16092.7528,116092.7528,16.0928,1270.835,run_seed44_20250906_224237
SIG_03363,TSLA US Equity,long,RTY Index_px.breakout_high_126 z_breakout_pos,SIG_03363,2023-08-01,2025-09-05,3,9,1,14938.7251,114938.7251,14.9387,32353.1509,run_seed78_20250908_235457
SETUP_0024,AMZN US Equity,long,AMZN US Equity_iv_call3m_shock_1d_z_30d is_high,SIG_00354,2021-01-05,2025-09-03,1,181,1,13869.202,113869.202,13.8692,190.0242,run_seed37_20250904_130458
SETUP_0070,AMD US Equity,long,MSFT US Equity_EV__EV_days_to_high is_high,SIG_03392,2024-09-03,2025-09-02,1,36,1,12783.0228,112783.0228,12.783,646.0191,run_seed38_20250906_170035
SETUP_0054,AMZN US Equity,long,TSLA US Equity_opt.pcr_z_21 is_high,SIG_00104,2024-09-05,2025-09-03,1,31,1,12292.727,112292.727,12.2927,961.7251,run_seed37_20250904_130458
SETUP_0016,QQQ US Equity,long,MSFT US Equity_EV__EV_tail_flag_1p5 is_high AND COIN US Equity_EV__EV_revision_tail_flag is_high,"SIG_03419, SIG_03754",2021-01-19,2025-09-02,1,84,1,12279.2097,112279.2097,12.2792,474.526,run_seed43_20250906_181934
SIG_01202|SIG_02907,LLY US Equity,long,AAPL US Equity_liq.turnover_z_63 is_high AND XLK US Equity_opt.rv_minus_iv_21 is_low,"SIG_01202, SIG_02907",2022-09-27,2025-09-04,4,8,1,11483.0015,111483.0015,11.483,12447.5614,run_seed78_20250908_235457
SETUP_0027,AMD US Equity,long,MSFT US Equity_EV__EV_tail_flag_1p5 is_high AND AAPL US Equity_EV__EV_revision_tail_flag is_high,"SIG_03419, SIG_03514",2021-10-05,2025-09-02,1,60,1,11076.9552,111076.9552,11.077,-70.6075,run_seed44_20250906_224237
SETUP_0018,AAPL US Equity,long,RTY Index_price.mom_21 is_high AND MSTR US Equity_opt.pcr_z_21 is_high,"SIG_01739, SIG_01351",2022-08-02,2025-09-04,0,28,1,10663.4769,110663.4769,10.6635,1772.0206,run_seed45_20250907_012720
SETUP_0016,AAPL US Equity,long,MSFT US Equity_iv_vs_newsheat_divergence_call3m_z_60d is_high,SIG_00839,2021-01-27,2025-09-04,0,83,1,10447.3044,110447.3044,10.4473,1469.4066,run_seed37_20250904_130458
SETUP_0058,QQQ US Equity,long,MSFT US Equity_EV__EV_days_to_high is_high,SIG_03392,2024-09-03,2025-09-02,1,36,1,9743.3919,109743.3919,9.7434,497.8743,run_seed38_20250906_113633
SETUP_0040,QQQ US Equity,long,JPY Curncy_inter.risk_on_score is_low AND USGG10YR Index_crypto.resid_vs_btc_z_63 is_high,"SIG_02260, SIG_02051",2024-01-17,2025-09-03,1,34,1,7489.6303,107489.6303,7.4896,-182.2048,run_seed45_20250907_012720
SIG_00621,XLC US Equity,long,MSFT US Equity_sent.news_heat_z21 is_high,SIG_00621,2024-03-04,2025-09-08,0,31,1,7265.8463,107265.8463,7.2658,82.3036,run_seed7_20250908_220504
SETUP_0023,QQQ US Equity,long,MSTR US Equity_EV__EV_revision_tail_flag is_high AND TSLA US Equity_invcorrF20__SPY_RET_1D__TOT_OPT_VOLUME is_low,"SIG_03674, SIG_03997",2022-04-15,2025-09-02,0,14,1,7194.3599,107194.3599,7.1944,1421.8006,run_seed43_20250906_171737
SETUP_0020,AAPL US Equity,long,MXWO Index_iv_call3m_shock_1d_z_30d is_high,SIG_01903,2021-01-05,2025-09-03,0,133,1,7154.5954,107154.5954,7.1546,283.6232,run_seed38_20250906_170035
SIG_04201|SIG_04346,LLY US Equity,long,EEM US Equity_opt.term_30d_3m is_low AND EUR Curncy_vol.left_tail_pr_252 z_breakout_pos,"SIG_04201, SIG_04346",2024-01-04,2025-09-08,0,7,1,7082.6418,107082.6418,7.0826,10444.4568,run_seed78_20250908_235457
SETUP_0046,COIN US Equity,long,MSTR US Equity_sent.news_heat_tail_21 is_high AND TSLA US Equity_MBA_Mortgage_Applications_days_to_high is_low,"SIG_01371, SIG_03879",2024-09-12,2025-09-04,0,17,1,6747.5273,106747.5273,6.7475,1365.3588,run_seed48_20250907_022712
SETUP_0052,AMD US Equity,long,MSFT US Equity_iv_vs_newsheat_divergence_call3m_z_60d is_high,SIG_00839,2024-08-27,2025-09-04,0,15,1,6500.0543,106500.0543,6.5001,1227.5535,run_seed37_20250904_130458
SIG_00123|SIG_02880,MSTR US Equity,long,XLK US Equity_opt.iv30_z_60 z_breakout_pos AND TSLA US Equity_liq.roll_proxy_21 is_low,"SIG_00123, SIG_02880",2022-09-06,2025-09-03,5,7,1,6278.7811,106278.7811,6.2788,6260.6084,run_seed75_20250908_230407
SIG_01012|SIG_01853,AMD US Equity,long,MSFT US Equity_liq.turnover_z_63 is_high AND MSTR US Equity_x.bh_ret_spy_21 is_low,"SIG_01012, SIG_01853",2023-01-09,2025-09-08,0,15,1,6037.1929,106037.1929,6.0372,-3685.7637,run_seed75_20250908_230407
SETUP_0048,MSFT US Equity,long,AMZN US Equity_S&P_Global_US_Services_PMI_pre_window is_high AND AMD US Equity_S&P_Global_US_Manufacturing_PMI_in_window is_high,"SIG_04032, SIG_04349",2024-09-04,2025-09-03,1,17,1,5944.8744,105944.8744,5.9449,-1053.4152,run_seed45_20250907_013839
SETUP_0027,TSLA US Equity,long,MSFT US Equity_corrDelta20_60__RET_1D__PCR_EMA5 z_breakout_neg AND MSTR US Equity_sent.news_heat_tail_21 is_high,"SIG_05330, SIG_01371",2024-04-18,2025-09-03,1,11,1,5330.1956,105330.1956,5.3302,3397.178,run_seed48_20250907_092317
SIG_00879|SIG_04127,AAPL US Equity,long,EUR Curncy_px.mom_21 is_high AND GOOGL US Equity_sent.tw_avg_z30 is_low,"SIG_00879, SIG_04127",2022-08-10,2025-08-29,10,17,1,5152.8049,105152.8049,5.1528,24953.1272,run_seed78_20250908_235457
SIG_01942|SIG_02591,JPM US Equity,long,CRM US Equity_opt.iv_mom_5_z60 is_low AND XLV US Equity_opt.term_30d_3m is_high,"SIG_01942, SIG_02591",2023-01-25,2025-09-08,0,18,1,5144.541,105144.541,5.1445,-613.8071,run_seed7_20250908_220504
SIG_05243,TSLA US Equity,long,SPY US Equity_cs.rank_mom_63 z_breakout_pos,SIG_05243,2023-08-07,2025-09-01,7,16,1,3035.117,103035.117,3.0351,17143.305,run_seed78_20250908_235457
SIG_03507,XLC US Equity,long,XLRE US Equity_x.corr_delta_20_60_z60 z_breakout_pos,SIG_03507,2024-03-06,2025-09-05,3,11,1,2246.8051,102246.8051,2.2468,-390.7116,run_seed7_20250908_220504
SIG_01418,TSLA US Equity,long,LLY US Equity_opt.iv_mom_5_z60 z_breakout_pos,SIG_01418,2023-07-10,2025-09-01,7,15,1,1745.5644,101745.5644,1.7456,6308.0544,run_seed78_20250908_235457
SETUP_0074,TSLA US Equity,long,CRWV US Equity_EV__EV_surprise_dispersion_day is_low AND QQQ US Equity_px_range_polarity_z_60d is_high,"SIG_03097, SIG_00504",2024-01-18,2025-09-03,0,27,1,1440.9231,101440.9231,1.4409,3066.5504,run_seed44_20250906_224237
SIG_04681,AAPL US Equity,long,XAU Curncy_px.mom_21 is_high,SIG_04681,2024-03-06,2025-08-29,10,13,1,942.465,100942.465,0.9425,18280.6251,run_seed78_20250908_235457
SIG_01942|SIG_03200,LLY US Equity,long,XLV US Equity_opt.term_30d_3m is_high AND CL1 Comdty_opt.rr25_1m_proxy z_breakout_neg,"SIG_01942, SIG_03200",2022-05-12,2025-09-08,0,16,1,537.4464,100537.4464,0.5374,4978.3106,run_seed7_20250908_220504
SIG_04679,TSLA US Equity,long,XAU Curncy_px.mom_5 z_breakout_pos,SIG_04679,2022-07-28,2025-09-02,6,19,1,-1709.3039,98290.6961,-1.7093,20457.9958,run_seed78_20250908_235457
SIG_01595|SIG_01797,QQQ US Equity,long,AMD US Equity_opt.term_30d_3m is_low AND MSTR US Equity_opt.iv_mom_5_z60 is_high,"SIG_01595, SIG_01797",2021-02-10,2025-08-26,10,8,1,-1769.3134,98230.6866,-1.7693,-1037.1126,run_seed76_20250908_230722
SIG_00029|SIG_00474,MSTR US Equity,long,AMZN US Equity_opt.fly_1m_40v25 is_high AND TSLA US Equity_px.mom_5 is_low,"SIG_00029, SIG_00474",2024-07-25,2025-09-03,2,6,1,-1967.5118,98032.4882,-1.9675,620.7216,run_seed76_20250908_230722
SIG_04679|SIG_05093,TSLA US Equity,long,XAU Curncy_px.mom_5 z_breakout_pos AND AMD US Equity_gate.liquid_flag is_high,"SIG_04679, SIG_05093",2022-08-03,2025-09-08,0,13,1,-2630.0788,97369.9212,-2.6301,19248.4377,run_seed78_20250908_235457
SETUP_0035,MSFT US Equity,long,QQQ US Equity_EV__EV_after_surprise_z is_low AND MSFT US Equity_EV__EV_days_to_high is_high,"SIG_03246, SIG_03392",2023-10-24,2025-09-02,1,15,1,-4701.8048,95298.1952,-4.7018,1028.1723,run_seed38_20250906_113633
SETUP_0057,GOOGL US Equity,long,MSFT US Equity_EV__EV_days_to_high is_high,SIG_03392,2024-09-03,2025-09-02,1,36,1,-5465.8196,94534.1804,-5.4658,425.5891,run_seed38_20250906_113633
SETUP_0071,GOOGL US Equity,long,MSFT US Equity_EV__EV_days_to_high is_high,SIG_03392,2024-09-03,2025-09-02,1,36,1,-5465.8196,94534.1804,-5.4658,371.6282,run_seed38_20250906_170035
SIG_02894|SIG_03487,TSLA US Equity,long,XLK US Equity_opt.fly_1m_40v25 is_high AND RTY Index_x.beta_spy_63 z_breakout_pos,"SIG_02894, SIG_03487",2023-03-13,2025-09-01,7,7,1,-5781.2488,94218.7512,-5.7812,14471.6,run_seed78_20250908_235457
SETUP_0056,MSFT US Equity,long,CRWV US Equity_EV__EV_tail_flag_1p5 is_high,SIG_03099,2023-09-05,2025-09-02,1,68,1,-6109.0979,93890.9021,-6.1091,-856.1867,run_seed38_20250906_170035
SIG_04544|SIG_05121,TSLA US Equity,long,NKE US Equity_gate.liquid_flag z_breakout_pos AND CL1 Comdty_reg.vol90d_z120 z_breakout_neg,"SIG_04544, SIG_05121",2023-01-09,2025-09-03,2,9,1,-7576.0003,92423.9997,-7.576,8130.7199,run_seed76_20250908_230722
SETUP_0077,TSLA US Equity,long,AMD US Equity_px_range_polarity_z_60d is_high AND QQQ US Equity_px_range_polarity_z_60d is_high,"SIG_01143, SIG_00504",2024-01-09,2025-09-03,0,32,1,-7984.6026,92015.3974,-7.9846,733.5292,run_seed44_20250906_224237
SETUP_0095,TSLA US Equity,long,CRWV US Equity_EV__EV_surprise_dispersion_day is_low AND QQQ US Equity_px_range_polarity_z_60d is_high,"SIG_03097, SIG_00504",2024-09-12,2025-09-03,0,14,1,-8266.7779,91733.2221,-8.2668,2539.1801,run_seed44_20250906_224237
SETUP_0068,GOOGL US Equity,long,TSLA US Equity_opt.pcr_z_21 is_high,SIG_00104,2024-09-05,2025-09-03,0,29,1,-8399.9328,91600.0672,-8.3999,682.2926,run_seed38_20250906_170035
SETUP_0007,MSFT US Equity,long,AMZN US Equity_S&P_Global_US_Services_PMI_pre_window is_high AND MSFT US Equity_tw_pub_z_30d is_low,"SIG_04032, SIG_00780",2021-01-05,2025-09-03,1,39,1,-10031.3966,89968.6034,-10.0314,1656.4172,run_seed45_20250907_013839
SIG_02894|SIG_04127,TSLA US Equity,long,XLK US Equity_opt.fly_1m_40v25 is_high AND EUR Curncy_px.mom_21 is_high,"SIG_02894, SIG_04127",2022-08-11,2025-09-01,7,20,1,-10082.7064,89917.2936,-10.0827,24016.3415,run_seed78_20250908_235457
SIG_06516,XLK US Equity,long,MSFT US Equity_gate.liquid_flag is_high,SIG_06516,2024-01-12,2025-09-08,0,48,1,-11788.7171,88211.2829,-11.7887,47.6159,run_seed7_20250908_223010
SIG_06516,XLK US Equity,long,MSFT US Equity_gate.liquid_flag is_high,SIG_06516,2024-01-12,2025-09-08,0,48,1,-11788.7171,88211.2829,-11.7887,47.6159,run_seed7_20250908_222738
SIG_05369,COIN US Equity,long,XLC US Equity_cs.rank_drawdown_63 is_high,SIG_05369,2023-01-09,2025-09-08,0,50,1,-12014.3763,87985.6237,-12.0144,-2579.903,run_seed7_20250908_220936
SETUP_0006,AMZN US Equity,long,XAU Curncy_price.mom_21 z_breakout_pos,SIG_02670,2021-01-05,2025-09-03,0,37,1,-12534.7848,87465.2152,-12.5348,2814.4424,run_seed38_20250906_170035
SETUP_0005,MSFT US Equity,long,AMZN US Equity_Durable_Goods_Orders_in_window is_high AND MSTR US Equity_iv_term_call3m_minus_rv21_z_60d z_breakout_pos,"SIG_04023, SIG_01317",2021-06-23,2025-09-02,2,26,1,-13201.6105,86798.3895,-13.2016,4069.1348,run_seed49_20250907_092704
SIG_00000|SIG_01144,NKE US Equity,long,macro.2s10s_slope is_high AND AAPL US Equity_px.stoch14_z is_high,"SIG_00000, SIG_01144",2021-07-02,2025-09-04,4,8,1,-13455.1951,86544.8049,-13.4552,16190.9967,run_seed78_20250908_235457
SIG_01595|SIG_04223,QQQ US Equity,long,AMD US Equity_opt.term_30d_3m is_low AND EUR Curncy_x.bh_ret_spy_21 is_high,"SIG_01595, SIG_04223",2021-06-01,2025-08-29,7,8,1,-13469.7109,86530.2891,-13.4697,10844.7146,run_seed76_20250908_230722
SETUP_0064,MSFT US Equity,long,MSFT US Equity_Initial_Jobless_Claims_in_window z_breakout_neg AND AMZN US Equity_Durable_Goods_Orders_in_window is_high,"SIG_04181, SIG_04023",2024-08-27,2025-09-02,2,15,1,-14477.5887,85522.4113,-14.4776,2522.2781,run_seed49_20250907_092704
SIG_00029|SIG_00194,XLE US Equity,long,TSLA US Equity_sent.news_heat_z21 is_high AND TSLA US Equity_px.mom_5 is_low,"SIG_00029, SIG_00194",2022-01-11,2025-09-03,2,24,1,-14606.2862,85393.7138,-14.6063,6287.4852,run_seed76_20250908_230722
SIG_05943,XLE US Equity,long,TSLA US Equity_gate.liquid_flag z_breakout_pos,SIG_05943,2024-01-26,2025-09-08,0,21,1,-15370.3747,84629.6253,-15.3704,-256.3073,run_seed7_20250908_221437
SIG_02895,ARM US Equity,long,XLK US Equity_liq.turnover_z_63 z_breakout_pos,SIG_02895,2024-03-05,2025-09-05,3,23,1,-15691.9449,84308.0551,-15.6919,-4023.7139,run_seed7_20250908_222738
SIG_00029|SIG_03609,GOOGL US Equity,long,TSLA US Equity_px.mom_5 is_low AND MXWO Index_opt.iv3m_z_60 z_breakout_pos,"SIG_00029, SIG_03609",2022-01-24,2025-09-03,2,8,1,-15980.4314,84019.5686,-15.9804,3959.4556,run_seed76_20250908_230722
SETUP_0053,AAPL US Equity,long,GOOGL US Equity_S&P_Global_US_Services_PMI_pre_window is_high AND ARM US Equity_S&P_Global_US_Composite_PMI_in_window is_high,"SIG_04154, SIG_04525",2024-09-04,2025-09-03,1,19,1,-16294.6801,83705.3199,-16.2947,-939.4528,run_seed48_20250907_022712
SETUP_0036,TSLA US Equity,long,TSLA US Equity_opt.pcr_z_21 is_high,SIG_00104,2023-01-05,2025-09-03,1,74,1,-16498.4478,83501.5522,-16.4984,1022.3505,run_seed37_20250904_130458
SETUP_0021,QQQ US Equity,long,JPY Curncy_inter.2s10s_slope z_breakout_pos AND COIN US Equity_EV__EV_revision_tail_flag is_high,"SIG_02245, SIG_03754",2023-03-20,2025-09-02,0,13,1,-16979.57,83020.43,-16.9796,1532.8974,run_seed43_20250906_171737
SETUP_0018,MSTR US Equity,long,AMZN US Equity_inter.2s10s_slope z_breakout_pos AND QQQ US Equity_iv_call3m_shock_1d_z_30d is_low,"SIG_00426, SIG_00513",2023-03-21,2025-09-04,0,29,1,-17205.4095,82794.5905,-17.2054,2541.7824,run_seed45_20250907_013839
SETUP_0069,AAPL US Equity,long,MSFT US Equity_EV__EV_days_to_high is_high,SIG_03392,2024-09-03,2025-09-02,1,36,1,-17506.7774,82493.2226,-17.5068,566.5514,run_seed38_20250906_170035
SETUP_0030,AAPL US Equity,long,MSTR US Equity_EV__EV_tail_flag_1p5 is_high,SIG_03659,2022-05-02,2025-09-02,1,119,1,-18612.1475,81387.8525,-18.6121,361.0216,run_seed38_20250906_113633
SETUP_0008,GOOGL US Equity,long,QQQ US Equity_cs.rank_mom_63 z_breakout_pos,SIG_05068,2021-04-30,2025-09-04,0,39,1,-20059.5921,79940.4079,-20.0596,2555.4403,run_seed37_20250904_130458
SIG_01797|SIG_04852,QQQ US Equity,long,MSTR US Equity_opt.iv_mom_5_z60 is_high AND GOOGL US Equity_x.corr_delta_20_60_z60 is_high,"SIG_01797, SIG_04852",2022-04-12,2025-08-26,10,10,1,-20630.1249,79369.8751,-20.6301,7065.8738,run_seed76_20250908_230722
SIG_04208,TSLA US Equity,long,EUR Curncy_px.stoch14_z is_high,SIG_04208,2024-02-22,2025-09-08,0,28,1,-22576.9109,77423.0891,-22.5769,117.0057,run_seed7_20250908_220936
SETUP_0061,COIN US Equity,short,ARM US Equity_EV__EV_dense_macro_day_score is_low,SIG_03864,2024-08-30,2025-09-03,0,40,1,-23773.5064,76226.4936,-23.7735,166.6421,run_seed38_20250906_113633
SETUP_0054,AMD US Equity,long,AMZN US Equity_EV__EV_revision_z is_high,SIG_03190,2023-09-07,2025-09-02,1,50,1,-25103.3577,74896.6423,-25.1034,-245.1294,run_seed38_20250906_170035
SETUP_0007,QQQ US Equity,long,QQQ US Equity_cs.rank_mom_63 z_breakout_pos,SIG_05068,2021-04-30,2025-09-04,0,38,1,-26066.5456,73933.4544,-26.0665,2632.7648,run_seed37_20250904_130458
SETUP_0062,QQQ US Equity,long,AMZN US Equity_Durable_Goods_Orders_in_window is_high AND TSLA US Equity_Initial_Jobless_Claims_pre_window is_high,"SIG_04023, SIG_03877",2024-08-28,2025-09-03,0,26,1,-26377.4863,73622.5137,-26.3775,335.7629,run_seed47_20250907_015648
SETUP_0065,AMD US Equity,long,MSTR US Equity_iv_vs_newsheat_divergence_call3m_z_60d is_high,SIG_01323,2024-10-17,2025-09-02,1,10,1,-26914.5564,73085.4436,-26.9146,1444.4624,run_seed38_20250906_170035
SETUP_0054,AMD US Equity,long,CL1 Comdty_px_range_polarity_z_60d is_high AND AMZN US Equity_Durable_Goods_Orders_in_window is_high,"SIG_02528, SIG_04023",2024-08-27,2025-09-03,0,15,1,-27704.6102,72295.3898,-27.7046,2289.9925,run_seed47_20250907_015648
SETUP_0039,MSFT US Equity,long,MSFT US Equity_EV__EV_tail_flag_1p5 is_high AND COIN US Equity_EV__EV_revision_tail_flag is_high,"SIG_03419, SIG_03754",2023-01-10,2025-09-02,0,28,1,-28850.6572,71149.3428,-28.8507,440.691,run_seed43_20250906_171737
SIG_03648,GOOGL US Equity,long,SPY US Equity_gate.liquid_flag is_high,SIG_03648,2024-01-02,2025-09-08,0,53,1,-29155.1222,70844.8778,-29.1551,6.3932,run_seed7_20250908_220504
SETUP_0012,AAPL US Equity,long,AMZN US Equity_opt.oi_mom_5 is_high,SIG_00398,2021-01-12,2025-09-02,1,61,1,-29436.2809,70563.7191,-29.4363,732.5903,run_seed38_20250906_170035
SETUP_0033,MSFT US Equity,long,ARM US Equity_S&P_Global_US_Composite_PMI_in_window is_high AND TSLA US Equity_MBA_Mortgage_Applications_days_to_high is_low,"SIG_04525, SIG_03879",2024-01-04,2025-09-04,0,41,1,-29648.9598,70351.0402,-29.649,-447.3358,run_seed48_20250907_092317
SETUP_0047,MSFT US Equity,long,JPY Curncy_inter.risk_on_score is_low AND AMD US Equity_S&P_Global_US_Manufacturing_PMI_in_window is_high,"SIG_02260, SIG_04349",2024-09-04,2025-09-03,1,17,1,-29873.0096,70126.9904,-29.873,-517.0059,run_seed45_20250907_013839
SETUP_0048,MSFT US Equity,long,JPY Curncy_inter.risk_on_score is_low AND AMD US Equity_S&P_Global_US_Manufacturing_PMI_in_window is_high,"SIG_02260, SIG_04349",2024-09-04,2025-09-03,1,17,1,-29873.0096,70126.9904,-29.873,-517.0059,run_seed45_20250907_012720
SIG_03200,LLY US Equity,short,CL1 Comdty_opt.rr25_1m_proxy z_breakout_neg,SIG_03200,2022-05-11,2025-09-08,0,26,1,-30150.7516,69849.2484,-30.1508,-660.5999,run_seed7_20250908_220504
SETUP_0009,MSFT US Equity,long,CRWV US Equity_S&P_Global_US_Manufacturing_PMI_in_window is_high AND USGG2YR Index_inter.risk_on_score is_low,"SIG_03983, SIG_02116",2021-03-24,2025-09-03,1,73,1,-30496.6366,69503.3634,-30.4966,1833.4285,run_seed49_20250907_092704
SIG_01012|SIG_04142,PLTR US Equity,long,EUR Curncy_px.trend_slope_63 z_breakout_neg AND MSFT US Equity_liq.turnover_z_63 is_high,"SIG_01012, SIG_04142",2022-04-27,2025-09-08,0,11,1,-30501.7883,69498.2117,-30.5018,-3289.2003,run_seed75_20250908_230407
SETUP_0006,MSFT US Equity,long,AMZN US Equity_opt.oi_mom_5 is_high AND CRWV US Equity: Revision Shock is_high,"SIG_00398, SIG_03114",2021-04-07,2025-09-02,1,31,1,-30896.1287,69103.8713,-30.8961,1488.007,run_seed47_20250907_015648
SETUP_0067,MSTR US Equity,long,CRWV US Equity_S&P_Global_US_Manufacturing_PMI_in_window is_high AND AMZN US Equity: Surprise Percentile is_low,"SIG_03983, SIG_03173",2024-08-26,2025-09-04,0,14,1,-32307.7818,67692.2182,-32.3078,1284.0206,run_seed49_20250907_092704
SETUP_0051,GOOGL US Equity,long,MSFT US Equity_EV__EV_days_to_high is_high,SIG_03392,2023-09-05,2025-09-02,1,74,1,-32595.9551,67404.0449,-32.596,722.7948,run_seed38_20250906_170035
SETUP_0045,QQQ US Equity,long,HG1 Comdty_px_range_polarity_z_60d is_high AND CRWV US Equity_EV__EV_surprise_dispersion_day is_low,"SIG_02612, SIG_03097",2023-01-11,2025-09-03,0,45,1,-34395.6873,65604.3127,-34.3957,1139.3344,run_seed43_20250906_181934
SETUP_0013,TSLA US Equity,long,AMZN US Equity_opt.oi_mom_5 is_high,SIG_00398,2021-01-12,2025-09-02,1,62,1,-34688.329,65311.671,-34.6883,1221.1869,run_seed38_20250906_170035
SETUP_0242,MSTR US Equity,long,GOOGL US Equity_options_total_volume_spike_z_30d is_high AND HG1 Comdty_px_range_polarity_z_60d is_high,"SIG_00681, SIG_02612",2024-07-08,2025-09-04,0,16,1,-34880.3346,65119.6654,-34.8803,206308.9983,run_seed44_20250906_183803
SIG_01657,QQQ US Equity,short,XLK US Equity_opt.rr25_1m_proxy z_breakout_neg,SIG_01657,2024-03-21,2025-09-08,0,15,1,-36785.2497,63214.7503,-36.7852,-177.3486,run_seed7_20250908_220504
SETUP_0037,MSTR US Equity,long,USGG10YR Index_price.mom_126 z_breakout_pos,SIG_02001,2022-05-02,2025-09-03,0,25,1,-37319.7654,62680.2346,-37.3198,959.7097,run_seed38_20250906_170035
SETUP_0037,TSLA US Equity,long,GOOGL US Equity: Pre-Event Window is_low AND GOOGL US Equity_open_interest_call_pctchg_3d_z_60d is_high,"SIG_03315, SIG_00693",2024-01-29,2025-09-01,2,33,1,-37347.8857,62652.1143,-37.3479,1225.7068,run_seed47_20250907_015648
SETUP_0051,COIN US Equity,long,TSLA US Equity_MBA_Mortgage_Applications_days_to_high is_low AND AAPL US Equity_Durable_Goods_Orders_in_window is_high,"SIG_03879, SIG_04267",2024-08-29,2025-09-04,0,25,1,-37601.0052,62398.9948,-37.601,25.7465,run_seed48_20250907_092317
SETUP_0070,MSFT US Equity,long,AMZN US Equity_Durable_Goods_Orders_in_window is_high AND AMZN US Equity_iv_call3m_shock_1d_z_30d is_high,"SIG_04023, SIG_00354",2024-09-04,2025-09-03,1,19,1,-41171.8025,58828.1975,-41.1718,1077.586,run_seed49_20250907_092704
SIG_01144|SIG_02907,NKE US Equity,long,XLK US Equity_opt.rv_minus_iv_21 is_low AND AAPL US Equity_px.stoch14_z is_high,"SIG_01144, SIG_02907",2021-07-02,2025-09-04,4,9,1,-43492.4137,56507.5863,-43.4924,21400.6919,run_seed78_20250908_235457
SETUP_0059,QQQ US Equity,long,ARM US Equity_EV__EV_revision_z is_high AND MSFT US Equity_EV__EV_tail_flag_1p5 is_high,"SIG_03830, SIG_03419",2023-04-19,2025-09-02,1,21,1,-45110.2396,54889.7604,-45.1102,537.7346,run_seed44_20250906_224237
SETUP_0050,MSFT US Equity,long,MSTR US Equity_EV__EV_revision_tail_flag is_high AND COIN US Equity_EV__EV_revision_tail_flag is_high,"SIG_03674, SIG_03754",2023-01-10,2025-09-02,1,63,1,-45589.705,54410.295,-45.5897,408.225,run_seed43_20250906_181934
SETUP_0012,AMD US Equity,long,MSTR US Equity_EV__EV_revision_tail_flag is_high AND COIN US Equity_EV__EV_revision_tail_flag is_high,"SIG_03674, SIG_03754",2021-01-19,2025-09-02,0,128,1,-47748.994,52251.006,-47.749,345.7397,run_seed43_20250906_171737
SIG_00669|SIG_02732,TSLA US Equity,long,QQQ US Equity_opt.iv_mom_5_z60 is_low AND XLE US Equity_flow.pcr_ema5_z30 is_high,"SIG_00669, SIG_02732",2024-01-12,2025-08-29,10,8,1,-49578.9518,50421.0482,-49.579,14102.1446,run_seed78_20250908_235457
SIG_05041|SIG_05096,NKE US Equity,long,CRM US Equity_x.corr_fisher20_z60 is_low AND MSTR US Equity_gate.liquid_flag is_high,"SIG_05041, SIG_05096",2023-01-13,2025-09-08,0,15,1,-50636.5924,49363.4076,-50.6366,18466.7974,run_seed78_20250908_235457
SETUP_0056,COIN US Equity,long,AMZN US Equity_px_range_polarity_z_60d is_high AND AMZN US Equity_S&P_Global_US_Manufacturing_PMI_in_window is_high,"SIG_00346, SIG_04044",2024-09-03,2025-09-03,0,14,1,-54231.3518,45768.6482,-54.2314,1219.0493,run_seed47_20250907_015648
SETUP_0008,MSFT US Equity,long,JPY Curncy_inter.risk_on_score is_low AND AMD US Equity_S&P_Global_US_Manufacturing_PMI_in_window is_high,"SIG_02260, SIG_04349",2021-03-24,2025-09-03,1,74,1,-56343.5946,43656.4054,-56.3436,357.2595,run_seed45_20250907_012720
SIG_04346,NKE US Equity,short,EEM US Equity_opt.term_30d_3m is_low,SIG_04346,2024-07-11,2025-09-08,0,16,1,-57091.1455,42908.8545,-57.0911,1406.5843,run_seed78_20250908_235457
SETUP_0072,AMD US Equity,short,QQQ US Equity_EV__EV_after_surprise_z is_low,SIG_03246,2024-09-12,2025-09-02,1,34,1,-57397.4123,42602.5877,-57.3974,-5.9398,run_seed38_20250906_170035
SIG_05131,AMD US Equity,long,AMZN US Equity_cs.rank_mom_21 is_high,SIG_05131,2024-02-05,2025-09-02,6,10,1,-58901.072,41098.928,-58.9011,10355.9373,run_seed78_20250908_235457
SIG_00029|SIG_01853,AMD US Equity,short,TSLA US Equity_px.mom_5 is_low AND MSTR US Equity_x.bh_ret_spy_21 is_low,"SIG_00029, SIG_01853",2023-01-06,2025-09-03,2,13,1,-59145.7488,40854.2512,-59.1457,-383.9946,run_seed76_20250908_230722
SETUP_0011,MSFT US Equity,long,MSTR US Equity_EV__EV_revision_tail_flag is_high AND COIN US Equity_EV__EV_revision_tail_flag is_high,"SIG_03674, SIG_03754",2021-01-19,2025-09-02,0,124,1,-61690.2206,38309.7794,-61.6902,490.6204,run_seed43_20250906_171737
SIG_01942,PLTR US Equity,long,XLV US Equity_opt.term_30d_3m is_high,SIG_01942,2022-01-04,2025-09-08,0,101,1,-62072.513,37927.487,-62.0725,-1939.0178,run_seed7_20250908_220504
SIG_00882,SPY US Equity,short,MSFT US Equity_px.stoch14_z is_low,SIG_00882,2023-01-05,2025-09-08,0,38,1,-62102.2657,37897.7343,-62.1023,-79.0223,run_seed7_20250908_221437
SIG_01428|SIG_04279,QQQ US Equity,long,LLY US Equity_flow.pcr_ema5_z30 is_high AND EEM US Equity_px.range_pos_63 is_high,"SIG_01428, SIG_04279",2022-12-01,2025-08-26,13,12,1,-63610.8823,36389.1177,-63.6109,19530.2086,run_seed78_20250908_235457
SETUP_0010,QQQ US Equity,long,COIN US Equity_EV__EV_revision_tail_flag is_high AND MSTR US Equity_EV__EV_revision_tail_flag is_high,"SIG_03754, SIG_03674",2021-01-19,2025-09-02,0,125,1,-64255.1017,35744.8983,-64.2551,395.3719,run_seed43_20250906_171737
SIG_01796,AMZN US Equity,long,XLC US Equity_px.mom_5 is_high,SIG_01796,2021-01-21,2025-09-08,0,81,1,-81918.7412,18081.2588,-81.9187,257.452,run_seed7_20250908_220504
SIG_04683,AAPL US Equity,long,XAU Curncy_px.mom_21 z_breakout_pos,SIG_04683,2024-03-05,2025-08-29,10,12,1,-89306.4609,10693.5391,-89.3065,13134.4233,run_seed78_20250908_235457
SETUP_0027,MSFT US Equity,long,MSTR US Equity_EV__EV_revision_tail_flag is_high AND COIN US Equity_EV__EV_revision_tail_flag is_high,"SIG_03674, SIG_03754",2022-01-10,2025-09-02,0,90,1,-104542.9973,-4542.9973,-104.543,584.1253,run_seed43_20250906_171737
SIG_00669,TSLA US Equity,short,QQQ US Equity_opt.iv_mom_5_z60 is_low,SIG_00669,2024-01-12,2025-08-29,10,20,1,-108507.6373,-8507.6373,-108.5076,-1578.2808,run_seed78_20250908_235457
SIG_01428|SIG_04717,QQQ US Equity,long,XAU Curncy_px.stoch14_z is_high AND LLY US Equity_flow.pcr_ema5_z30 is_high,"SIG_01428, SIG_04717",2022-01-25,2025-09-01,7,18,1,-136984.2706,-36984.2706,-136.9843,25989.7032,run_seed78_20250908_235457
SIG_02995,TSLA US Equity,short,NKE US Equity_px.stoch14_z is_low,SIG_02995,2023-02-07,2025-09-03,5,27,1,-140974.8257,-40974.8257,-140.9748,-3020.7096,run_seed78_20250908_235457
SIG_01144,NKE US Equity,long,AAPL US Equity_px.stoch14_z is_high,SIG_01144,2021-07-02,2025-09-04,4,43,1,-163876.3999,-63876.3999,-163.8764,10550.3693,run_seed78_20250908_235457
SIG_02887,XLK US Equity,short,XLK US Equity_opt.term_30d_3m is_low,SIG_02887,2024-01-25,2025-09-04,4,20,1,-170566.8412,-70566.8412,-170.5668,-2718.4878,run_seed78_20250908_235457
